Source,Target,weight,Count,Year
1,36,1,1,2023
1,817,1,1,2023
1,1496,1,1,2023
1,289,1,1,2023
1,1010,5,5,2022
1,192,1,1,2022
1,11,7,7,2023
192,11,1,1,2022
1,80,2,2,2022
1,122,4,4,2022
1,88,7,7,2023
1,15,2,2,2021
15,11,7,7,2023
1,142,3,3,2021
1,1850,1,1,2021
1,473,5,5,2021
1,967,6,6,2022
1,708,1,1,2019
1,123,2,2,2020
11,123,3,3,2020
1,757,2,2,2019
1,165,4,4,2018
2,1185,1,1,2023
2,815,3,3,2023
2,87,22,22,2023
2,541,4,4,2023
541,87,13,13,2023
2,4,9,9,2022
2,584,1,1,2022
2,155,1,1,2022
2,827,1,1,2022
2,536,2,2,2022
2,908,5,5,2021
2,414,1,1,2021
2,40,1,1,2021
536,40,3,3,2021
2,369,1,1,2021
2,9,1,1,2020
2,1199,1,1,2020
2,999,3,3,2020
2,216,2,2,2020
2,28,2,2,2020
4,28,2,2,2020
2,35,3,3,2020
2,204,2,2,2019
2,347,1,1,2019
2,84,1,1,2018
2,215,4,4,2022
999,215,5,5,2022
999,4,1,1,2018
215,4,1,1,2018
4,115,1,1,2022
4,265,1,1,2022
4,398,2,2,2021
4,673,1,1,2021
398,673,1,1,2021
4,159,1,1,2021
4,95,1,1,2020
4,761,2,2,2019
4,1503,1,1,2019
4,921,1,1,2019
4,31,1,1,2019
4,363,1,1,2018
5,300,6,6,2022
5,1902,1,1,2021
6,644,1,1,2020
8,479,1,1,2023
8,957,1,1,2023
8,439,1,1,2022
8,84,1,1,2022
8,104,2,2,2021
9,43,5,5,2023
9,1900,1,1,2023
9,1673,6,6,2022
9,813,7,7,2022
43,813,3,3,2023
9,493,1,1,2022
9,1786,4,4,2021
9,598,20,20,2021
9,568,2,2,2021
9,513,8,8,2020
513,1786,1,1,2020
513,598,1,1,2020
9,1006,1,1,2019
9,787,1,1,2019
513,787,1,1,2019
11,107,4,4,2023
11,366,1,1,2023
11,544,1,1,2023
544,345,2,2,2023
11,24,1,1,2023
11,230,1,1,2021
11,39,1,1,2021
230,39,6,6,2023
11,1342,1,1,2020
11,473,1,1,2019
11,47,1,1,2018
11,81,1,1,2018
107,81,1,1,2018
12,1488,1,1,2022
12,539,1,1,2018
13,66,8,8,2023
13,725,8,8,2022
13,910,2,2,2021
13,608,1,1,2020
66,608,1,1,2020
725,66,2,2,2023
13,887,1,1,2019
13,377,1,1,2019
13,150,1,1,2018
13,795,1,1,2018
13,1332,1,1,2018
14,418,1,1,2021
14,150,1,1,2021
418,150,1,1,2021
14,331,1,1,2021
418,331,2,2,2021
150,331,1,1,2021
15,546,9,9,2023
15,366,13,13,2023
546,366,3,3,2023
15,291,2,2,2020
366,291,3,3,2020
15,184,1,1,2019
16,1230,1,1,2023
16,899,2,2,2022
16,481,2,2,2022
899,481,7,7,2023
16,19,1,1,2022
16,24,1,1,2020
16,106,2,2,2020
16,174,1,1,2020
16,921,1,1,2019
16,399,1,1,2019
17,224,1,1,2018
18,303,1,1,2023
18,20,1,1,2019
19,1755,2,2,2023
19,4,1,1,2023
19,539,2,2,2023
19,252,5,5,2022
19,1123,1,1,2022
19,498,1,1,2021
19,93,1,1,2021
19,787,1,1,2018
252,787,1,1,2018
20,879,1,1,2023
20,1701,3,3,2021
20,1488,4,4,2020
20,227,2,2,2020
1488,1701,1,1,2019
20,94,1,1,2018
21,470,1,1,2023
21,405,3,3,2023
21,24,1,1,2022
21,230,1,1,2021
21,216,1,1,2021
21,399,1,1,2021
21,1366,1,1,2020
22,71,1,1,2023
22,35,1,1,2023
71,35,1,1,2023
22,135,1,1,2021
23,38,2,2,2023
23,64,5,5,2022
24,123,2,2,2022
24,278,1,1,2021
24,345,1,1,2021
24,968,1,1,2018
25,1,1,1,2022
25,58,5,5,2022
25,242,5,5,2021
58,242,1,1,2021
25,522,1,1,2021
25,414,2,2,2020
414,58,1,1,2020
25,1128,2,2,2020
25,114,1,1,2020
25,973,1,1,2018
26,87,6,6,2023
26,752,2,2,2023
87,752,1,1,2023
26,107,1,1,2023
26,259,2,2,2022
87,259,1,1,2022
26,159,1,1,2021
26,1,3,3,2019
27,233,1,1,2023
27,525,1,1,2018
28,761,2,2,2023
28,787,4,4,2023
761,787,5,5,2023
28,87,5,5,2022
28,584,3,3,2021
28,535,2,2,2020
28,714,1,1,2019
28,182,1,1,2018
28,1016,1,1,2018
87,1016,1,1,2018
29,1535,1,1,2021
30,322,3,3,2023
30,1176,2,2,2023
322,1176,3,3,2023
30,1187,2,2,2022
30,147,2,2,2022
31,227,3,3,2023
31,224,1,1,2020
31,1488,2,2,2020
31,86,1,1,2018
32,646,1,1,2022
32,1281,2,2,2022
646,1281,12,12,2023
32,338,3,3,2020
33,405,1,1,2021
33,84,2,2,2021
33,146,1,1,2019
33,1476,1,1,2019
146,1476,4,4,2022
33,408,1,1,2018
33,927,1,1,2018
34,1015,1,1,2021
34,67,1,1,2021
34,245,1,1,2021
35,36,6,6,2023
35,258,1,1,2023
35,1817,2,2,2023
35,265,1,1,2022
35,377,1,1,2022
35,64,1,1,2020
35,264,2,2,2020
35,204,2,2,2019
36,664,1,1,2023
36,651,1,1,2022
36,250,2,2,2019
38,64,3,3,2023
38,124,2,2,2023
64,124,2,2,2023
38,102,3,3,2022
38,128,1,1,2022
38,114,1,1,2022
64,114,1,1,2022
124,114,1,1,2022
38,1338,3,3,2022
38,241,3,3,2021
1338,23,8,8,2023
38,109,1,1,2018
39,446,10,10,2023
230,446,10,10,2023
39,745,3,3,2023
39,1818,2,2,2019
40,699,2,2,2022
40,14,2,2,2022
699,14,2,2,2022
40,159,1,1,2021
41,1686,1,1,2023
41,525,2,2,2023
41,347,1,1,2021
41,665,1,1,2019
43,1316,8,8,2023
43,1293,9,9,2023
43,84,9,9,2023
1293,84,2,2,2023
43,598,2,2,2023
813,598,4,4,2023
43,414,7,7,2023
1316,1293,3,3,2023
43,787,2,2,2023
43,19,2,2,2022
414,19,1,1,2022
84,1316,1,1,2022
43,1171,3,3,2022
84,1171,1,1,2022
1316,1171,1,1,2022
1293,414,1,1,2021
43,253,1,1,2019
44,48,11,11,2023
44,617,1,1,2020
44,903,1,1,2018
48,903,1,1,2018
45,121,1,1,2020
47,92,1,1,2023
47,24,2,2,2021
47,860,3,3,2020
47,42,2,2,2020
11,42,1,1,2020
47,121,7,7,2021
47,26,1,1,2019
50,93,3,3,2021
51,909,1,1,2023
51,276,4,4,2022
51,837,1,1,2022
51,415,1,1,2021
51,15,1,1,2020
51,193,1,1,2019
51,311,1,1,2019
51,54,2,2,2019
51,230,1,1,2018
51,446,1,1,2018
51,1105,1,1,2018
54,1105,4,4,2020
53,80,1,1,2023
53,1203,1,1,2023
54,745,6,6,2022
54,255,6,6,2021
54,1172,1,1,2021
54,230,9,9,2022
1105,230,2,2,2020
54,477,1,1,2019
54,276,1,1,2019
54,136,2,2,2019
54,909,2,2,2019
909,230,3,3,2019
54,47,1,1,2018
1105,255,3,3,2020
55,99,4,4,2021
56,909,2,2,2020
57,1845,2,2,2023
57,464,1,1,2021
57,236,1,1,2021
57,114,1,1,2020
60,1488,8,8,2021
60,120,5,5,2021
1488,120,2,2,2021
61,1542,1,1,2023
61,123,1,1,2020
61,192,1,1,2019
62,243,1,1,2021
62,1049,1,1,2021
243,1049,1,1,2021
63,1079,3,3,2023
63,128,1,1,2022
63,1210,1,1,2018
66,224,1,1,2022
66,31,2,2,2022
66,175,6,6,2022
66,945,1,1,2022
66,289,3,3,2022
66,1,1,1,2019
66,483,1,1,2018
483,13,7,7,2022
67,181,1,1,2018
71,109,8,8,2022
71,695,1,1,2022
71,829,4,4,2021
71,159,2,2,2018
71,135,2,2,2018
71,114,1,1,2018
73,1175,1,1,2023
73,1295,2,2,2023
73,513,1,1,2022
73,9,3,3,2022
73,305,7,7,2021
73,71,1,1,2021
73,168,1,1,2021
73,143,1,1,2021
168,143,7,7,2022
73,86,5,5,2020
73,114,1,1,2019
75,347,5,5,2023
75,520,3,3,2021
76,1010,1,1,2021
76,963,1,1,2020
76,150,1,1,2020
963,150,2,2,2020
76,373,1,1,2018
77,62,1,1,2021
79,476,3,3,2023
79,339,1,1,2021
80,120,1,1,2023
80,73,1,1,2023
80,19,1,1,2023
80,108,2,2,2023
80,310,1,1,2022
80,1514,1,1,2020
81,101,1,1,2021
81,286,1,1,2019
82,265,2,2,2023
82,137,2,2,2022
82,413,1,1,2021
82,14,1,1,2021
413,14,3,3,2021
82,123,2,2,2020
82,1386,1,1,2020
82,170,2,2,2020
1386,170,11,11,2022
82,468,1,1,2019
265,468,1,1,2019
84,135,1,1,2023
84,1371,1,1,2022
84,216,3,3,2022
84,418,1,1,2022
84,21,1,1,2022
84,518,3,3,2021
84,94,2,2,2020
84,525,1,1,2018
85,439,1,1,2023
85,901,2,2,2019
86,120,1,1,2021
86,150,1,1,2019
86,27,1,1,2018
87,483,1,1,2022
87,584,1,1,2022
87,44,1,1,2021
87,535,1,1,2020
88,721,3,3,2022
88,503,14,14,2022
88,479,4,4,2022
503,479,17,17,2022
89,30,1,1,2023
89,377,2,2,2023
89,41,1,1,2020
91,496,1,1,2019
92,719,2,2,2023
92,87,2,2,2021
92,28,1,1,2019
93,140,2,2,2021
93,120,3,3,2020
93,1902,1,1,2019
93,107,1,1,2018
94,93,1,1,2023
94,904,9,9,2022
94,140,5,5,2022
94,75,2,2,2022
94,1984,2,2,2021
94,224,3,3,2021
94,1614,2,2,2021
1614,1984,1,1,2021
224,75,1,1,2020
94,602,1,1,2020
94,727,2,2,2019
95,483,2,2,2022
95,162,7,7,2020
95,482,1,1,2020
98,324,5,5,2023
98,612,1,1,2022
98,267,1,1,2022
98,472,2,2,2021
99,150,4,4,2022
102,137,2,2,2023
102,1362,1,1,2023
137,1362,1,1,2023
102,913,1,1,2023
913,137,2,2,2023
102,300,1,1,2022
104,322,2,2,2023
105,694,2,2,2023
105,498,1,1,2022
105,740,1,1,2018
107,15,2,2,2022
107,829,1,1,2020
107,1727,1,1,2020
107,490,1,1,2020
107,65,1,1,2019
107,109,1,1,2018
108,1190,3,3,2023
108,1932,1,1,2020
108,242,1,1,2019
108,1774,1,1,2019
109,962,1,1,2023
109,1996,1,1,2019
114,695,4,4,2021
114,135,1,1,2018
115,809,1,1,2018
118,229,21,21,2023
118,102,1,1,2023
118,961,1,1,2023
118,4,1,1,2023
118,150,2,2,2023
118,428,3,3,2022
229,428,1,1,2022
118,16,1,1,2019
16,428,1,1,2019
16,229,1,1,2019
119,207,2,2,2022
119,304,1,1,2020
119,659,1,1,2020
304,659,11,11,2023
119,73,1,1,2018
120,565,3,3,2023
120,836,1,1,2023
120,279,1,1,2023
120,135,1,1,2023
565,135,1,1,2023
120,241,1,1,2021
120,413,1,1,2020
120,711,2,2,2019
120,536,1,1,2018
121,16,3,3,2023
121,860,1,1,2022
121,20,1,1,2020
121,470,2,2,2018
121,71,1,1,2018
122,265,4,4,2023
122,427,3,3,2023
265,427,1,1,2023
122,820,3,3,2023
122,1259,2,2,2023
1259,1,5,5,2023
122,1771,1,1,2022
122,35,2,2,2022
122,1560,1,1,2021
122,236,1,1,2020
122,2,1,1,2019
122,4,1,1,2019
122,57,1,1,2018
123,1611,1,1,2023
123,150,1,1,2023
1611,150,7,7,2023
123,640,3,3,2020
124,752,1,1,2021
124,385,1,1,2020
125,724,1,1,2019
125,93,2,2,2018
127,475,2,2,2022
127,43,4,4,2019
128,483,21,21,2023
128,886,7,7,2023
886,483,2,2,2023
128,321,2,2,2023
128,1362,7,7,2022
128,261,10,10,2022
483,261,4,4,2022
128,43,2,2,2022
128,551,1,1,2022
551,483,3,3,2022
128,199,1,1,2022
128,25,2,2,2021
128,805,6,6,2021
886,805,2,2,2021
128,80,2,2,2022
483,80,1,1,2020
805,1362,4,4,2021
805,483,2,2,2020
483,1362,2,2,2019
261,1362,1,1,2018
130,106,1,1,2018
131,714,1,1,2021
133,995,8,8,2023
133,219,1,1,2023
995,219,2,2,2023
133,197,1,1,2022
133,905,2,2,2019
133,497,3,3,2018
133,483,2,2,2018
497,483,2,2,2018
497,995,9,9,2023
135,40,2,2,2023
135,159,1,1,2023
135,241,3,3,2023
135,16,1,1,2022
135,1185,1,1,2022
135,43,2,2,2021
136,385,2,2,2023
136,405,3,3,2023
385,405,6,6,2023
136,1259,1,1,2023
136,106,1,1,2022
136,358,5,5,2021
136,209,3,3,2020
136,860,1,1,2020
136,230,1,1,2019
136,47,4,4,2018
137,371,5,5,2023
137,122,1,1,2022
137,96,1,1,2021
137,26,1,1,2021
140,2,1,1,2023
140,536,2,2,2023
140,323,1,1,2023
536,323,1,1,2023
140,1262,1,1,2021
140,241,1,1,2020
140,904,1,1,2020
140,159,2,2,2019
140,761,1,1,2019
140,87,2,2,2019
140,901,1,1,2019
140,829,1,1,2018
140,357,1,1,2018
93,357,1,1,2018
140,352,1,1,2018
142,622,1,1,2021
142,25,3,3,2020
142,369,1,1,2019
143,290,1,1,2021
168,290,2,2,2022
145,774,1,1,2019
146,483,4,4,2022
1476,483,4,4,2022
146,47,1,1,2018
147,940,2,2,2022
147,375,1,1,2020
147,93,1,1,2020
375,93,1,1,2020
940,30,1,1,2018
149,1288,1,1,2021
149,548,1,1,2021
150,809,1,1,2022
150,35,1,1,2022
150,1183,3,3,2022
150,219,1,1,2022
150,964,1,1,2022
150,137,1,1,2019
150,950,2,2,2019
150,227,3,3,2019
1611,99,1,1,2019
150,554,1,1,2018
150,1753,2,2,2018
152,699,1,1,2022
152,1079,1,1,2021
153,152,1,1,2022
154,438,16,16,2023
154,1559,10,10,2022
438,1559,1,1,2022
154,965,3,3,2022
438,965,1,1,2022
1559,965,1,1,2022
154,1346,8,8,2022
438,1346,5,5,2022
1346,1559,2,2,2019
155,19,1,1,2021
155,1013,1,1,2020
155,174,5,5,2020
155,522,1,1,2019
174,522,1,1,2019
156,140,1,1,2021
156,366,2,2,2019
159,28,1,1,2023
159,1351,2,2,2020
159,246,1,1,2019
162,170,2,2,2020
163,627,1,1,2019
164,124,3,3,2021
165,479,1,1,2023
165,593,1,1,2022
166,609,14,14,2023
167,1113,2,2,2020
167,307,4,4,2020
1113,307,6,6,2020
170,263,4,4,2023
1386,263,5,5,2023
170,569,5,5,2023
1386,569,4,4,2023
263,569,18,18,2023
170,639,2,2,2019
1386,639,2,2,2019
173,847,7,7,2022
174,189,2,2,2022
174,817,1,1,2018
177,484,2,2,2022
177,179,1,1,2020
178,449,1,1,2020
178,335,1,1,2020
449,335,1,1,2020
178,439,1,1,2020
449,439,1,1,2020
335,439,1,1,2020
178,81,2,2,2020
449,81,1,1,2020
335,81,1,1,2020
439,81,1,1,2020
179,653,2,2,2021
180,278,1,1,2020
180,42,1,1,2019
181,243,9,9,2020
181,34,13,13,2020
243,34,12,12,2020
181,1049,1,1,2020
181,62,2,2,2020
181,307,1,1,2018
307,243,1,1,2018
181,77,2,2,2018
243,77,3,3,2019
184,1412,1,1,2018
186,922,8,8,2023
186,539,1,1,2021
186,672,1,1,2021
186,699,2,2,2019
186,892,1,1,2018
186,152,2,2,2018
187,353,4,4,2022
187,51,1,1,2020
51,353,1,1,2020
188,919,2,2,2020
189,227,2,2,2021
189,38,1,1,2021
227,38,2,2,2021
189,31,1,1,2021
38,31,2,2,2021
189,150,1,1,2018
192,47,1,1,2021
193,349,1,1,2020
195,557,4,4,2022
195,701,1,1,2020
197,1482,1,1,2021
197,1433,1,1,2018
199,636,1,1,2021
200,460,2,2,2023
200,1488,2,2,2019
201,418,1,1,2020
203,321,4,4,2023
203,1190,1,1,2021
204,64,1,1,2020
205,195,1,1,2019
207,482,1,1,2018
207,731,2,2,2018
209,230,1,1,2022
209,358,1,1,2018
210,1078,3,3,2023
211,1187,1,1,2023
211,1074,2,2,2021
211,290,3,3,2021
211,657,1,1,2021
290,657,1,1,2021
214,274,2,2,2019
215,815,1,1,2018
215,250,1,1,2018
216,60,1,1,2019
216,217,1,1,2018
217,2,3,3,2018
217,245,1,1,2022
217,124,2,2,2022
217,41,4,4,2018
217,84,1,1,2018
219,719,3,3,2023
219,255,1,1,2019
219,1107,1,1,2019
221,128,2,2,2023
221,1025,2,2,2022
221,531,1,1,2020
221,234,1,1,2018
224,549,13,13,2023
224,775,5,5,2023
224,347,13,13,2023
224,836,7,7,2023
347,836,2,2,2023
224,1053,6,6,2023
31,549,1,1,2023
549,347,4,4,2022
549,775,1,1,2022
347,775,1,1,2022
31,836,1,1,2021
224,346,2,2,2021
549,346,2,2,2021
31,775,1,1,2021
224,372,1,1,2021
31,372,1,1,2021
775,372,1,1,2021
224,1344,2,2,2021
549,1344,2,2,2021
224,904,1,1,2020
94,347,2,2,2020
836,94,1,1,2020
225,241,1,1,2022
225,2,1,1,2019
225,19,1,1,2018
226,418,3,3,2022
227,86,1,1,2023
227,1175,2,2,2023
227,224,2,2,2022
227,24,73,73,2021
227,1488,3,3,2021
227,396,1,1,2020
227,43,4,4,2022
43,31,1,1,2020
31,150,1,1,2020
227,863,1,1,2019
863,31,3,3,2021
229,408,1,1,2023
230,255,2,2,2023
255,39,1,1,2023
230,1170,2,2,2023
1170,255,1,1,2023
230,1688,1,1,2022
1170,1688,1,1,2022
11,446,1,1,2022
230,1537,4,4,2022
39,1537,2,2,2022
11,1537,1,1,2022
446,1537,1,1,2022
1537,54,12,12,2022
136,39,1,1,2020
136,1537,1,1,2020
230,702,1,1,2019
230,1210,1,1,2018
232,614,3,3,2023
232,1217,1,1,2022
232,214,1,1,2022
614,214,1,1,2022
232,1812,2,2,2020
233,305,1,1,2023
233,22,1,1,2023
234,1258,1,1,2020
234,531,1,1,2018
235,809,7,7,2023
235,469,1,1,2022
235,844,3,3,2022
235,889,1,1,2022
236,464,1,1,2022
236,820,8,8,2022
236,468,3,3,2020
236,1771,1,1,2020
236,594,2,2,2019
820,594,2,2,2019
237,1510,13,13,2023
237,351,2,2,2021
238,244,3,3,2022
239,47,1,1,2018
239,860,1,1,2018
240,1160,2,2,2022
240,894,2,2,2020
241,1338,1,1,2023
241,535,1,1,2022
241,35,3,3,2022
535,35,3,3,2022
241,64,5,5,2022
243,630,1,1,2018
630,181,1,1,2018
630,62,1,1,2018
630,77,1,1,2018
247,84,1,1,2018
248,66,1,1,2021
248,57,2,2,2018
251,594,1,1,2023
252,647,1,1,2022
255,1311,1,1,2022
255,1210,3,3,2021
255,121,1,1,2019
255,693,1,1,2019
121,693,1,1,2019
256,73,2,2,2022
257,772,5,5,2023
257,418,2,2,2019
258,321,1,1,2023
258,646,3,3,2022
258,1404,1,1,2022
258,292,1,1,2022
258,203,2,2,2020
260,400,1,1,2021
261,460,3,3,2018
128,460,1,1,2018
262,617,2,2,2023
262,581,1,1,2020
262,1213,1,1,2020
581,1213,8,8,2023
262,44,1,1,2019
262,702,1,1,2018
262,230,1,1,2018
264,1262,1,1,2019
265,408,2,2,2022
265,541,1,1,2021
265,1996,2,2,2021
265,757,2,2,2021
1996,757,2,2,2021
265,1021,1,1,2018
269,104,1,1,2020
270,593,2,2,2020
270,101,1,1,2019
271,744,14,14,2021
271,585,4,4,2020
271,798,1,1,2020
798,744,1,1,2020
744,585,3,3,2019
274,180,6,6,2021
275,966,5,5,2023
275,1142,9,9,2021
275,388,2,2,2018
276,128,1,1,2023
276,602,1,1,2023
128,602,1,1,2023
276,745,2,2,2023
276,1015,1,1,2022
745,1015,1,1,2022
278,1172,2,2,2023
278,1614,2,2,2022
278,1277,1,1,2022
278,405,1,1,2022
278,1385,1,1,2021
280,203,1,1,2023
280,321,1,1,2023
281,172,2,2,2023
284,1620,1,1,2023
284,518,5,5,2023
284,814,2,2,2022
284,1290,1,1,2020
284,215,1,1,2019
284,104,1,1,2019
284,1496,1,1,2019
284,1287,1,1,2018
285,1392,1,1,2023
285,797,3,3,2023
286,439,1,1,2023
287,1558,2,2,2020
288,473,1,1,2021
289,1531,12,12,2023
290,11,1,1,2019
290,291,1,1,2019
11,291,1,1,2019
294,1917,2,2,2021
295,1086,10,10,2023
296,302,7,7,2023
296,416,3,3,2023
302,416,3,3,2023
296,1417,1,1,2022
297,115,1,1,2023
297,4,1,1,2023
297,367,15,15,2023
298,472,1,1,2022
298,310,3,3,2020
298,332,2,2,2020
310,332,15,15,2023
300,178,1,1,2020
302,751,3,3,2021
751,296,4,4,2021
305,9,1,1,2022
306,719,1,1,2020
306,476,1,1,2019
309,783,2,2,2018
311,544,4,4,2022
313,1407,8,8,2023
316,85,2,2,2020
318,1785,1,1,2021
319,525,2,2,2023
319,6,2,2,2022
321,1082,2,2,2023
321,142,3,3,2022
321,573,1,1,2020
322,418,1,1,2019
324,646,1,1,2023
325,602,3,3,2023
325,175,1,1,2019
328,1482,5,5,2022
328,1497,6,6,2020
330,98,1,1,2022
331,6,3,3,2023
331,31,2,2,2023
6,31,2,2,2023
331,118,3,3,2022
118,418,1,1,2022
331,1,1,1,2022
331,910,1,1,2021
331,38,1,1,2021
331,35,1,1,2020
331,19,1,1,2018
332,95,1,1,2019
335,181,1,1,2023
335,342,1,1,2019
335,286,1,1,2019
338,96,2,2,2021
341,1538,18,18,2023
341,1927,10,10,2023
342,593,1,1,2021
344,9,1,1,2019
347,84,1,1,2020
347,35,1,1,2020
347,230,1,1,2019
94,230,1,1,2019
350,237,2,2,2019
351,487,1,1,2020
351,13,1,1,2019
351,227,2,2,2022
352,887,2,2,2023
352,132,15,15,2023
887,132,2,2,2023
352,94,1,1,2021
352,334,1,1,2020
352,901,1,1,2019
354,597,3,3,2022
355,205,1,1,2019
356,1656,2,2,2023
356,1511,2,2,2021
836,1511,2,2,2021
358,525,2,2,2023
358,1085,1,1,2019
359,130,4,4,2023
360,1085,1,1,2022
360,63,2,2,2021
360,1159,1,1,2019
362,832,1,1,2023
366,1405,2,2,2022
366,107,1,1,2021
369,352,1,1,2022
369,827,2,2,2021
369,35,3,3,2021
370,403,1,1,2021
370,1058,1,1,2021
371,14,1,1,2022
372,728,1,1,2022
373,118,1,1,2019
375,87,1,1,2023
377,1818,3,3,2023
377,369,2,2,2021
377,265,1,1,2020
377,1179,4,4,2020
1179,35,1,1,2020
377,1511,1,1,2019
377,749,1,1,2018
369,749,1,1,2018
749,35,3,3,2019
381,961,1,1,2023
385,1172,3,3,2023
385,21,1,1,2021
385,860,1,1,2020
388,966,7,7,2023
390,46,1,1,2018
393,892,1,1,2019
393,1237,1,1,2019
395,325,1,1,2018
396,791,3,3,2021
397,716,1,1,2021
397,236,1,1,2018
397,35,1,1,2018
399,1036,3,3,2023
399,1287,1,1,2022
1036,1287,1,1,2022
399,1688,1,1,2022
399,24,4,4,2021
399,742,1,1,2020
400,1498,1,1,2020
403,1744,1,1,2021
404,947,2,2,2021
405,1259,1,1,2023
408,557,6,6,2023
408,850,3,3,2023
408,211,2,2,2023
850,211,1,1,2023
408,1248,10,10,2022
408,195,1,1,2022
1248,195,1,1,2022
408,1850,1,1,2021
408,13,2,2,2021
410,777,4,4,2023
410,1653,6,6,2023
777,1653,1,1,2023
410,187,2,2,2023
777,187,1,1,2023
1653,187,2,2,2023
410,1803,4,4,2022
1653,1803,1,1,2021
1803,777,1,1,2021
411,157,6,6,2023
411,856,1,1,2018
412,41,1,1,2019
414,84,2,2,2021
414,1316,2,2,2021
414,989,2,2,2021
1316,989,1,1,2021
989,43,4,4,2023
414,242,1,1,2020
414,85,1,1,2018
416,685,16,16,2023
416,35,5,5,2022
685,35,3,3,2022
416,1818,3,3,2022
685,1818,3,3,2022
416,71,1,1,2022
419,1264,1,1,2021
419,1291,2,2,2021
419,1530,1,1,2021
1291,1530,1,1,2021
419,269,1,1,2021
420,435,1,1,2022
420,1011,3,3,2019
427,17,1,1,2018
427,55,1,1,2018
434,921,4,4,2023
434,1612,4,4,2022
435,1510,2,2,2021
435,237,2,2,2021
436,397,2,2,2021
436,840,1,1,2020
436,931,1,1,2020
840,931,1,1,2020
437,4,2,2,2020
437,1797,1,1,2020
439,695,1,1,2022
440,230,1,1,2020
441,623,1,1,2021
442,991,14,14,2023
442,723,20,20,2023
991,723,11,11,2023
442,624,2,2,2021
442,71,1,1,2018
444,234,1,1,2020
444,594,1,1,2020
234,594,1,1,2020
448,35,1,1,2018
449,515,1,1,2023
449,165,1,1,2022
449,593,2,2,2020
453,1600,1,1,2022
460,891,2,2,2023
460,117,1,1,2018
461,803,1,1,2022
461,852,1,1,2019
461,35,1,1,2018
464,1407,1,1,2022
464,1190,1,1,2019
464,393,2,2,2019
466,573,5,5,2022
467,635,11,11,2023
467,555,10,10,2021
635,555,8,8,2021
467,1264,2,2,2020
469,889,1,1,2023
469,844,1,1,2020
469,549,2,2,2019
470,512,1,1,2022
470,24,1,1,2022
512,24,13,13,2023
470,708,1,1,2020
470,706,1,1,2019
470,1113,1,1,2019
472,1636,2,2,2023
472,479,1,1,2020
472,95,1,1,2020
473,104,1,1,2019
477,1176,3,3,2022
477,373,1,1,2019
478,377,1,1,2019
480,486,7,7,2023
480,1269,20,20,2023
480,1852,12,12,2023
480,645,8,8,2023
645,1269,4,4,2023
480,1321,5,5,2023
1852,1269,2,2,2021
480,1382,6,6,2022
1321,1382,63,63,2023
480,482,1,1,2021
483,725,1,1,2022
484,1902,4,4,2022
1902,177,1,1,2022
484,501,1,1,2019
484,17,1,1,2018
484,601,1,1,2018
486,1204,1,1,2021
486,1852,3,3,2020
490,1143,2,2,2019
493,393,1,1,2022
493,564,1,1,2021
494,1476,1,1,2021
497,671,1,1,2022
498,1228,1,1,2023
504,577,11,11,2020
504,629,6,6,2020
577,629,9,9,2022
505,13,1,1,2023
505,66,1,1,2021
507,837,3,3,2018
508,1450,1,1,2021
513,43,2,2,2022
513,84,2,2,2021
84,9,1,1,2021
515,1,3,3,2023
516,818,1,1,2023
516,1114,7,7,2023
516,503,1,1,2021
1114,503,1,1,2021
518,601,2,2,2020
601,284,1,1,2020
520,94,2,2,2020
521,724,2,2,2020
522,622,1,1,2020
524,201,11,11,2023
524,418,1,1,2020
525,230,1,1,2023
525,209,1,1,2023
525,693,6,6,2022
525,541,1,1,2019
531,747,1,1,2022
531,1812,4,4,2022
531,232,1,1,2020
532,1617,8,8,2023
533,650,2,2,2022
535,217,1,1,2023
535,159,1,1,2023
535,264,1,1,2018
536,28,3,3,2023
536,827,1,1,2023
536,87,3,3,2023
536,60,1,1,2023
536,225,1,1,2019
541,82,1,1,2023
82,87,1,1,2023
541,352,1,1,2023
541,47,1,1,2020
541,1797,1,1,2020
544,1405,1,1,2018
546,1405,1,1,2021
549,2,1,1,2018
224,2,1,1,2018
549,176,1,1,2018
224,176,1,1,2018
2,176,1,1,2018
550,824,1,1,2022
551,691,4,4,2022
553,954,1,1,2021
555,223,1,1,2023
556,993,5,5,2022
556,786,1,1,2022
560,20,1,1,2018
561,655,7,7,2023
561,867,1,1,2021
564,1488,1,1,2023
568,393,1,1,2022
568,747,2,2,2019
569,116,2,2,2023
570,42,2,2,2022
570,1085,1,1,2018
570,51,1,1,2018
1085,51,2,2,2018
573,303,1,1,2021
578,51,1,1,2020
578,1119,1,1,2020
578,180,3,3,2018
580,354,1,1,2023
580,599,1,1,2018
581,354,2,2,2023
585,795,2,2,2021
586,31,1,1,2020
589,98,1,1,2022
590,641,70,70,2023
590,876,5,5,2019
876,641,6,6,2019
595,1430,1,1,2019
598,80,1,1,2023
80,9,1,1,2023
601,225,1,1,2022
601,84,2,2,2022
601,2,1,1,2022
602,159,1,1,2023
602,414,1,1,2023
159,414,1,1,2023
602,829,1,1,2022
325,829,1,1,2022
602,71,1,1,2022
325,71,1,1,2022
602,536,1,1,2022
602,28,3,3,2022
602,1262,2,2,2021
602,353,1,1,2020
603,331,1,1,2023
604,253,1,1,2018
607,602,1,1,2021
612,1190,1,1,2019
612,330,1,1,2018
613,618,10,10,2023
615,625,1,1,2021
618,1705,3,3,2018
622,1961,1,1,2023
622,886,2,2,2023
622,250,2,2,2023
886,250,2,2,2023
624,145,1,1,2022
624,723,1,1,2021
628,41,1,1,2022
628,393,1,1,2018
628,931,1,1,2018
635,1264,1,1,2020
636,900,1,1,2021
636,971,4,4,2018
645,416,11,11,2023
645,1787,15,15,2023
416,1787,3,3,2023
645,618,6,6,2023
645,1200,1,1,2022
650,775,13,13,2023
650,347,3,3,2023
650,224,3,3,2023
651,795,1,1,2023
651,798,1,1,2022
659,95,1,1,2019
662,119,1,1,2018
663,1624,2,2,2023
663,700,7,7,2022
700,1624,1,1,2020
663,1295,1,1,2020
664,516,1,1,2023
664,1114,1,1,2023
664,876,2,2,2021
664,122,2,2,2021
876,122,2,2,2021
665,24,1,1,2020
667,748,10,10,2022
671,416,1,1,2019
672,399,1,1,2021
673,695,1,1,2021
676,1242,17,17,2023
687,4,1,1,2019
689,702,1,1,2022
691,299,1,1,2022
691,562,2,2,2020
691,792,9,9,2019
692,1,10,10,2023
692,1961,4,4,2023
692,84,1,1,2022
84,1,1,1,2022
692,17,1,1,2022
1,17,1,1,2022
692,285,1,1,2021
692,54,1,1,2020
1,54,1,1,2020
673,439,2,2,2020
696,66,2,2,2023
696,88,3,3,2022
697,881,1,1,2018
701,1648,10,10,2021
701,737,10,10,2023
737,1648,6,6,2021
701,123,3,3,2021
702,909,1,1,2021
702,336,1,1,2019
704,692,1,1,2023
706,1107,4,4,2023
707,1293,1,1,2021
711,891,1,1,2022
714,82,1,1,2023
716,171,1,1,2021
716,1080,2,2,2019
719,476,1,1,2018
723,1535,2,2,2023
723,428,1,1,2023
1535,428,1,1,2023
723,829,1,1,2020
723,215,1,1,2020
829,215,1,1,2020
724,297,3,3,2022
724,351,6,6,2022
724,227,1,1,2022
732,148,1,1,2018
736,122,1,1,2023
736,35,1,1,2022
736,850,1,1,2020
742,145,1,1,2021
742,269,1,1,2021
145,269,1,1,2021
743,1201,2,2,2020
745,1170,1,1,2023
745,1688,1,1,2022
745,24,2,2,2021
749,963,4,4,2022
751,17,1,1,2020
756,395,2,2,2021
758,825,3,3,2019
758,957,1,1,2019
825,957,17,17,2023
761,84,1,1,2023
761,829,1,1,2021
761,284,1,1,2021
761,814,1,1,2021
761,602,1,1,2020
787,602,1,1,2020
761,87,1,1,2018
763,898,3,3,2019
768,927,1,1,2018
770,1488,8,8,2023
770,44,1,1,2021
770,48,1,1,2021
778,729,1,1,2018
784,197,1,1,2019
786,1468,1,1,2021
786,993,1,1,2019
786,12,2,2,2018
789,42,1,1,2019
789,72,1,1,2018
790,1274,1,1,2020
790,219,2,2,2019
791,455,1,1,2020
792,562,1,1,2020
795,798,1,1,2022
797,242,9,9,2023
797,682,1,1,2021
798,1817,1,1,2022
798,36,1,1,2022
798,585,6,6,2021
800,182,1,1,2021
803,1371,3,3,2023
803,1508,1,1,2023
803,868,5,5,2020
461,868,2,2,2020
803,31,1,1,2019
803,2,1,1,2019
805,80,1,1,2022
805,261,1,1,2021
805,241,1,1,2020
241,483,1,1,2020
241,128,1,1,2020
809,889,5,5,2023
823,140,1,1,2018
823,87,1,1,2018
824,905,82,82,2023
824,624,2,2,2023
624,905,2,2,2023
827,87,5,5,2021
369,87,1,1,2018
829,1535,1,1,2022
829,18,3,3,2021
832,994,3,3,2019
834,280,1,1,2023
834,1237,1,1,2021
836,863,1,1,2021
836,1656,1,1,2021
836,775,2,2,2020
840,1204,2,2,2020
844,889,6,6,2023
844,45,1,1,2022
844,809,1,1,2019
845,8,5,5,2023
850,1538,1,1,2021
854,395,1,1,2021
856,306,4,4,2023
856,157,1,1,2021
861,42,1,1,2019
863,35,1,1,2023
866,897,1,1,2018
868,1508,1,1,2019
873,45,1,1,2019
875,1173,9,9,2023
876,920,3,3,2023
876,1094,2,2,2019
884,444,2,2,2022
886,25,3,3,2022
886,973,1,1,2020
128,973,1,1,2020
886,261,1,1,2020
886,176,1,1,2019
888,1683,5,5,2023
889,1996,3,3,2020
891,539,1,1,2023
891,316,1,1,2023
539,316,1,1,2023
891,1023,1,1,2018
460,1023,1,1,2018
892,1560,1,1,2020
892,122,1,1,2020
893,1110,6,6,2022
893,1206,11,11,2023
1110,1206,7,7,2023
897,439,1,1,2022
897,1074,1,1,2020
899,1278,3,3,2023
899,962,1,1,2023
899,71,1,1,2022
900,675,1,1,2022
900,211,2,2,2022
900,1603,2,2,2019
901,1052,1,1,2020
904,1262,1,1,2023
904,120,2,2,2022
908,19,6,6,2023
908,999,12,12,2023
913,1902,1,1,2023
914,147,5,5,2022
914,30,2,2,2019
918,1277,1,1,2023
921,1311,1,1,2022
921,1204,1,1,2019
924,262,1,1,2023
925,1190,1,1,2021
926,1522,1,1,2022
927,1160,6,6,2022
927,525,2,2,2019
1160,525,2,2,2019
935,1900,1,1,2022
945,4,1,1,2023
945,716,1,1,2021
946,973,1,1,2022
946,25,1,1,2022
949,539,1,1,2023
950,276,1,1,2018
957,30,1,1,2021
961,54,1,1,2023
961,1203,1,1,2023
961,645,1,1,2022
961,1497,2,2,2022
961,229,1,1,2021
963,1611,1,1,2019
967,11,1,1,2021
967,91,1,1,2019
971,862,1,1,2020
973,58,1,1,2022
973,132,1,1,2019
981,257,1,1,2018
989,1293,1,1,2023
989,644,1,1,2020
989,2,1,1,2018
991,1191,4,4,2021
1007,1563,4,4,2023
1010,156,1,1,2020
1013,565,1,1,2020
1015,39,2,2,2018
1022,84,2,2,2020
1024,714,1,1,2022
1025,234,1,1,2020
1027,584,1,1,2023
1027,15,1,1,2021
430,130,1,1,2018
1046,1078,1,1,2021
1053,31,1,1,2023
1053,47,9,9,2022
1053,121,6,6,2021
1056,413,1,1,2020
1056,1242,1,1,2020
1056,536,2,2,2019
1058,1046,1,1,2018
1059,131,1,1,2019
1061,636,1,1,2022
1068,876,1,1,2022
1069,1711,2,2,2018
1074,1705,2,2,2020
1076,818,1,1,2021
1076,550,1,1,2019
1076,626,1,1,2018
1080,173,1,1,2019
1082,159,1,1,2020
1085,1140,1,1,2022
1085,898,1,1,2021
1085,294,2,2,2019
1087,19,3,3,2023
1091,1133,11,11,2023
1105,233,4,4,2022
1105,1085,2,2,2021
1105,1537,1,1,2020
219,706,1,1,2018
1116,1141,3,3,2021
1116,1197,3,3,2020
1197,1141,4,4,2023
1119,976,3,3,2021
1120,516,1,1,2023
1123,1488,1,1,2020
1138,300,1,1,2021
1138,176,1,1,2020
1138,1006,1,1,2019
1138,250,1,1,2018
1140,1258,4,4,2023
1140,39,1,1,2020
1140,429,3,3,2020
1140,1290,1,1,2020
1140,248,1,1,2018
1142,966,1,1,2022
1142,388,1,1,2020
1143,11,1,1,2020
1143,757,1,1,2020
1150,548,1,1,2023
1160,894,1,1,2021
1170,1078,3,3,2023
1170,39,1,1,2020
1171,19,1,1,2021
1171,414,2,2,2021
1171,787,1,1,2020
1171,1293,1,1,2019
1171,518,1,1,2019
1171,601,1,1,2019
1172,439,1,1,2022
385,54,3,3,2022
1175,118,1,1,2023
1175,1200,1,1,2018
1179,152,1,1,2022
1183,19,1,1,2021
1183,215,2,2,2019
135,2,5,5,2022
1185,1620,1,1,2021
1185,1183,1,1,2020
1186,641,1,1,2023
1190,1295,1,1,2023
1191,723,1,1,2023
1191,1488,2,2,2022
1191,297,1,1,2022
1191,554,1,1,2022
297,554,1,1,2022
1191,159,1,1,2019
1194,1782,5,5,2021
1197,195,1,1,2022
1199,369,2,2,2023
1199,4,2,2,2023
1199,1620,1,1,2021
1620,369,1,1,2021
1200,889,3,3,2020
1201,197,1,1,2023
1201,1635,2,2,2023
1203,108,6,6,2023
1203,80,1,1,2023
1204,1497,4,4,2022
1204,1311,1,1,2021
1209,152,1,1,2023
1210,1085,1,1,2021
1210,209,3,3,2021
1212,25,2,2,2018
1217,4,1,1,2023
1236,1253,19,19,2023
1247,470,2,2,2022
1247,47,2,2,2022
470,47,1,1,2022
1247,1771,2,2,2020
1248,750,1,1,2018
1254,27,2,2,2020
1256,618,1,1,2020
1256,8,1,1,2020
618,8,1,1,2020
1258,30,1,1,2023
1259,16,3,3,2022
1262,44,1,1,2022
1262,1284,1,1,2021
1262,20,2,2,2020
20,904,1,1,2019
1267,1774,2,2,2020
1274,31,2,2,2021
1277,844,1,1,2020
1277,252,3,3,2018
1277,19,3,3,2018
1284,264,1,1,2021
1287,51,3,3,2018
1287,287,1,1,2018
287,51,1,1,2018
1288,42,1,1,2019
1290,1785,1,1,2022
1290,1287,1,1,2021
1293,227,1,1,2022
1293,924,1,1,2019
1303,248,1,1,2020
1304,207,3,3,2023
1312,4,3,3,2023
1316,284,1,1,2019
43,284,1,1,2019
414,284,1,1,2019
1321,486,2,2,2023
1321,957,1,1,2020
957,1382,1,1,2020
1332,82,1,1,2018
1338,786,1,1,2023
1338,352,1,1,2023
241,352,1,1,2023
1343,1448,10,10,2022
1344,17,3,3,2021
1356,322,1,1,2019
1356,104,1,1,2018
1362,1417,5,5,2023
128,1417,1,1,2023
1362,1256,2,2,2023
128,1256,1,1,2023
1417,1256,2,2,2023
1370,875,1,1,2019
1371,1817,2,2,2023
1392,1581,1,1,2018
1393,1450,11,11,2023
1396,80,2,2,2022
1400,1638,3,3,2022
1405,165,4,4,2023
1405,1,3,3,2021
1405,88,1,1,2019
88,165,1,1,2019
1405,291,2,2,2019
1416,135,1,1,2022
1421,800,2,2,2022
1421,1488,1,1,2021
1430,898,2,2,2023
1447,145,1,1,2021
1463,2,3,3,2021
1473,1692,14,14,2022
1476,664,1,1,2023
1476,1718,1,1,2021
1476,88,1,1,2020
1482,1497,1,1,2021
1488,1787,1,1,2022
1488,645,2,2,2022
1496,634,1,1,2020
1497,430,2,2,2021
1498,1996,3,3,2023
1504,1709,2,2,2023
1508,1080,2,2,2023
1508,478,1,1,2018
1514,57,1,1,2022
1520,1463,1,1,2023
1529,614,1,1,2020
1530,619,2,2,2019
1534,479,1,1,2022
1534,352,1,1,2022
1537,115,1,1,2023
1537,745,4,4,2022
745,230,1,1,2022
1537,66,1,1,2019
54,66,1,1,2019
1542,17,1,1,2023
1563,706,5,5,2023
1565,297,4,4,2023
1568,64,1,1,2020
1570,553,1,1,2022
1570,211,2,2,2022
553,211,1,1,2022
1589,213,1,1,2023
1603,957,6,6,2023
1607,328,3,3,2023
1611,1183,1,1,2022
1612,620,1,1,2021
1613,682,1,1,2023
1639,469,1,1,2018
1639,235,1,1,2018
1645,132,1,1,2023
1648,795,2,2,2022
1656,4,1,1,2022
1674,716,1,1,2019
1686,50,1,1,2023
1686,1199,1,1,2022
1688,54,3,3,2022
1688,84,2,2,2022
1701,264,1,1,2021
1711,1078,1,1,2021
1730,1293,1,1,2021
1730,43,3,3,2019
1767,1923,8,8,2023
1767,54,3,3,2023
1771,531,1,1,2023
1771,1181,2,2,2021
1785,1430,1,1,2023
1785,898,1,1,2023
1785,1,1,1,2022
1785,967,1,1,2022
1785,253,2,2,2019
1786,1673,1,1,2023
1786,43,1,1,2022
1358,99,1,1,2020
1817,651,1,1,2020
1818,4,1,1,2023
1818,132,1,1,2022
1835,285,1,1,2019
1845,1900,1,1,2023
1850,1259,1,1,2023
1850,88,1,1,2023
1259,88,1,1,2023
1850,9,1,1,2020
1891,71,1,1,2020
1896,1392,1,1,2022
1900,57,1,1,2020
1940,505,1,1,2023
1412,657,1,1,2023
1961,66,1,1,2023
1982,532,1,1,2021
1983,1669,1,1,2022
1984,140,2,2,2023
1996,54,3,3,2023
