Source,Target,weight
1,36,1
1,817,1
1,1496,1
1,289,1
1,1010,5
1,192,1
1,11,7
192,11,1
1,80,2
1,122,4
1,88,7
1,15,2
15,11,7
1,142,3
1,1850,1
1,473,5
1,967,6
1,708,1
1,123,2
11,123,3
1,757,2
1,165,4
2,1185,1
2,815,3
2,87,22
2,541,4
541,87,13
2,4,9
2,584,1
2,155,1
2,827,1
2,536,2
2,908,5
2,414,1
2,40,1
536,40,3
2,369,1
2,9,1
2,1199,1
2,999,3
2,216,2
2,28,2
4,28,2
2,35,3
2,204,2
2,347,1
2,84,1
2,215,4
999,215,5
999,4,1
215,4,1
4,115,1
4,265,1
4,398,2
4,673,1
398,673,1
4,159,1
4,95,1
4,761,2
4,1503,1
4,921,1
4,31,1
4,363,1
5,300,6
5,1902,1
6,644,1
8,479,1
8,957,1
8,439,1
8,84,1
8,563,1
8,1415,1
8,104,2
1415,104,2
9,43,5
9,1900,1
9,1673,6
9,813,7
43,813,3
9,493,1
9,1786,4
9,598,20
9,568,2
9,513,8
513,1786,1
513,598,1
9,1006,1
9,787,1
513,787,1
11,345,3
11,107,4
11,366,1
11,544,1
544,345,2
11,24,1
11,688,1
11,230,1
11,39,1
230,39,6
11,1342,1
11,473,1
11,47,1
11,81,1
107,81,1
12,1488,1
12,539,1
13,66,8
13,725,8
13,910,2
13,608,1
66,608,1
725,66,2
13,887,1
13,377,1
13,150,1
13,795,1
13,1332,1
14,418,1
14,150,1
418,150,1
14,331,1
418,331,2
150,331,1
14,1975,1
15,546,9
15,366,13
546,366,3
15,291,2
366,291,3
15,184,1
16,1230,1
16,899,2
16,481,2
899,481,7
16,19,1
16,24,1
16,106,2
16,174,1
16,921,1
16,399,1
17,1781,5
17,224,1
18,303,1
18,20,1
19,1755,2
19,4,1
19,539,2
19,252,5
19,1123,1
19,498,1
19,93,1
19,787,1
252,787,1
20,879,1
20,1701,3
20,1488,4
20,227,2
1488,1701,1
20,94,1
21,470,1
21,405,3
21,24,1
21,230,1
21,216,1
21,399,1
21,1366,1
22,71,1
22,35,1
71,35,1
22,135,1
23,38,2
23,64,5
24,123,2
24,278,1
24,345,1
24,1326,1
24,968,1
25,1,1
25,58,5
25,242,5
58,242,1
25,522,1
25,414,2
414,58,1
25,1128,2
25,114,1
25,973,1
26,87,6
26,752,2
87,752,1
26,107,1
26,259,2
87,259,1
26,159,1
26,1,3
1,1,1
27,233,1
27,525,1
28,761,2
28,787,4
761,787,5
28,87,5
28,584,3
28,535,2
28,714,1
28,182,1
28,1016,1
87,1016,1
29,1535,1
30,322,3
30,1176,2
322,1176,3
30,1187,2
30,147,2
30,883,1
30,912,2
31,227,3
31,1716,2
31,224,1
31,1488,2
31,1792,3
227,1792,3
31,86,1
32,646,1
32,1281,2
646,1281,12
32,338,3
33,405,1
33,84,2
33,146,1
33,1476,1
146,1476,4
33,408,1
33,927,1
34,1015,1
34,67,1
34,245,1
35,36,6
35,258,1
35,1817,2
36,1817,3
35,265,1
35,377,1
35,64,1
35,264,2
35,204,2
36,1818,2
35,1818,2
36,664,1
36,651,1
36,250,2
38,64,3
38,124,2
64,124,2
38,102,3
38,128,1
38,114,1
64,114,1
124,114,1
38,1338,3
38,241,3
1338,23,8
38,109,1
39,446,10
230,446,10
39,745,3
39,1818,2
40,699,2
40,14,2
699,14,2
40,159,1
41,1686,1
41,525,2
41,347,1
41,665,1
43,1316,8
43,1293,9
43,84,9
1293,84,2
43,598,2
813,598,4
43,414,7
1316,1293,3
43,787,2
43,19,2
414,19,1
84,1316,1
43,1171,3
84,1171,1
1316,1171,1
1293,414,1
43,253,1
44,48,11
44,617,1
44,903,1
48,903,1
45,1216,1
45,121,1
47,92,1
47,1018,4
47,24,2
47,860,3
47,42,2
11,42,1
47,121,7
47,26,1
50,93,3
50,1708,1
51,909,1
51,276,4
51,837,1
51,415,1
51,15,1
51,193,1
51,311,1
51,54,2
51,230,1
51,446,1
51,1105,1
54,1105,4
53,80,1
53,1203,1
54,745,6
54,255,6
54,1172,1
54,230,9
1105,230,2
54,477,1
54,276,1
54,136,2
54,909,2
909,230,3
54,47,1
1105,255,3
55,99,4
56,909,2
57,1845,2
57,464,1
57,236,1
57,114,1
60,1488,8
60,120,5
1488,120,2
61,1542,1
61,123,1
61,192,1
62,243,1
62,1049,1
243,1049,1
62,1464,1
63,1079,3
63,128,1
63,1210,1
66,224,1
66,31,2
66,175,6
66,945,1
66,289,3
66,1,1
66,483,1
483,13,7
67,181,1
71,109,8
71,695,1
71,829,4
71,159,2
71,135,2
71,114,1
73,1175,1
73,1295,2
73,513,1
73,9,3
73,859,4
73,305,7
73,71,1
73,168,1
73,143,1
168,143,7
73,86,5
73,114,1
75,347,5
75,520,3
76,1860,1
76,1010,1
76,963,1
76,150,1
963,150,2
76,1041,3
76,373,1
77,62,1
78,1500,1
79,847,3
79,1041,3
79,476,3
79,339,1
80,120,1
80,73,1
80,19,1
80,108,2
80,310,1
80,1514,1
81,1391,2
81,101,1
81,286,1
82,265,2
82,137,2
82,413,1
82,14,1
413,14,3
82,123,2
82,1386,1
82,170,2
1386,170,11
82,468,1
265,468,1
84,135,1
84,1371,1
84,216,3
84,418,1
84,21,1
84,518,3
84,94,2
84,525,1
85,439,1
85,901,2
86,120,1
86,150,1
86,27,1
87,483,1
87,584,1
87,44,1
87,535,1
88,1491,2
88,721,3
88,503,14
88,479,4
503,479,17
89,30,1
89,377,2
89,41,1
91,496,1
92,719,2
92,87,2
92,28,1
93,140,2
93,120,3
93,1781,2
93,1902,1
93,107,1
94,93,1
94,904,9
94,140,5
94,75,2
94,1106,1
94,1984,2
94,224,3
94,1614,2
1614,1984,1
224,75,1
94,602,1
94,727,2
95,483,2
95,162,7
95,482,1
98,831,1
98,324,5
98,612,1
98,267,1
98,472,2
99,150,4
99,1792,1
102,137,2
102,1362,1
137,1362,1
102,913,1
913,137,2
102,1349,1
102,300,1
102,1953,1
104,322,2
104,1279,1
105,694,2
105,498,1
105,1894,1
105,740,1
107,15,2
107,829,1
107,1727,1
107,490,1
107,65,1
107,109,1
108,1190,3
108,1932,1
108,242,1
108,1774,1
109,962,1
109,1996,1
113,1934,1
114,695,4
114,135,1
115,809,1
118,229,21
118,102,1
118,1987,1
118,961,1
118,4,1
118,150,2
118,428,3
229,428,1
118,16,1
16,428,1
16,229,1
118,1615,1
119,207,2
119,304,1
119,659,1
304,659,11
119,73,1
120,565,3
120,836,1
120,279,1
836,279,2
120,356,2
836,356,6
279,356,2
120,135,1
565,135,1
120,241,1
120,413,1
120,711,2
120,536,1
121,16,3
121,860,1
121,20,1
121,470,2
121,71,1
122,265,4
122,427,3
265,427,1
122,820,3
122,1259,2
1259,1,5
122,1771,1
122,35,2
122,1560,1
122,236,1
122,1492,1
122,2,1
122,4,1
122,57,1
123,1319,1
123,1995,1
123,1611,1
123,150,1
1611,150,7
123,640,3
124,1738,3
124,752,1
124,385,1
125,724,1
125,93,2
126,1092,3
127,475,2
127,43,4
128,483,21
128,886,7
886,483,2
128,321,2
128,1362,7
128,261,10
483,261,4
128,43,2
128,551,1
551,483,3
128,199,1
128,25,2
128,805,6
886,805,2
128,80,2
483,80,1
805,1362,4
805,483,2
483,1362,2
261,1362,1
128,1148,1
1148,805,1
1148,1362,1
130,1876,3
130,106,1
131,714,1
133,995,8
133,219,1
995,219,2
133,1557,2
133,197,1
133,905,2
133,497,3
133,483,2
497,483,2
497,995,9
135,40,2
135,159,1
135,241,3
135,16,1
135,1185,1
135,43,2
136,385,2
136,405,3
385,405,6
136,1259,1
136,106,1
136,358,5
136,209,3
136,860,1
136,230,1
136,47,4
137,371,5
137,122,1
137,96,1
137,26,1
140,2,1
140,536,2
140,323,1
536,323,1
140,1989,2
140,1262,1
140,241,1
140,904,1
140,159,2
140,761,1
140,87,2
140,901,1
140,829,1
140,357,1
93,357,1
140,352,1
142,622,1
142,25,3
142,369,1
143,290,1
168,290,2
145,1038,2
145,774,1
146,483,4
1476,483,4
146,47,1
147,940,2
147,375,1
147,93,1
375,93,1
940,30,1
149,1288,1
149,548,1
150,809,1
150,35,1
150,1183,3
150,219,1
150,964,1
150,137,1
150,950,2
150,227,3
1611,99,1
150,554,1
150,1753,2
152,699,1
152,1079,1
153,152,1
154,438,16
154,1559,10
438,1559,1
154,965,3
438,965,1
1559,965,1
154,1346,8
438,1346,5
1346,1559,2
155,19,1
155,1013,1
155,174,5
155,522,1
174,522,1
156,1041,5
156,140,1
156,366,2
159,28,1
159,1351,2
159,246,1
162,170,2
163,627,1
164,124,3
165,479,1
165,1235,1
165,593,1
165,1731,1
166,609,14
167,1113,2
167,307,4
1113,307,6
170,263,4
1386,263,5
170,569,5
1386,569,4
263,569,18
170,639,2
1386,639,2
173,1389,3
173,847,7
174,189,2
174,817,1
177,484,2
177,179,1
178,449,1
178,335,1
449,335,1
178,439,1
449,439,1
335,439,1
178,81,2
449,81,1
335,81,1
439,81,1
179,653,2
180,278,1
180,42,1
181,243,9
181,34,13
243,34,12
181,1049,1
181,62,2
181,307,1
307,243,1
181,77,2
243,77,3
183,1739,6
184,1412,1
186,922,8
186,539,1
186,672,1
186,699,2
186,892,1
186,152,2
187,353,4
187,51,1
51,353,1
188,919,2
189,227,2
189,38,1
227,38,2
189,31,1
38,31,2
189,150,1
192,47,1
193,349,1
195,557,4
195,701,1
197,1482,1
197,1433,1
199,636,1
200,460,2
200,1488,2
201,418,1
203,321,4
203,1190,1
204,64,1
205,1855,4
205,195,1
205,1585,1
195,1585,1
207,482,1
207,731,2
209,230,1
209,358,1
210,1873,1
210,1078,3
211,1187,1
211,1074,2
211,290,3
211,657,1
290,657,1
211,1793,1
213,1491,2
214,274,2
215,815,1
215,250,1
216,60,1
216,217,1
217,2,3
217,245,1
217,124,2
217,41,4
217,84,1
219,719,3
219,255,1
219,1107,1
221,128,2
221,1025,2
221,531,1
221,234,1
224,549,13
224,775,5
224,347,13
224,836,7
347,836,2
224,1053,6
31,549,1
549,347,4
549,775,1
347,775,1
31,836,1
224,346,2
549,346,2
31,775,1
224,372,1
31,372,1
775,372,1
224,1344,2
549,1344,2
224,904,1
94,347,2
836,94,1
225,241,1
225,2,1
225,19,1
226,418,3
226,1251,4
227,86,1
227,1175,2
227,224,2
227,24,73
227,1488,3
227,396,1
227,43,4
43,31,1
31,150,1
227,863,1
863,31,3
227,1843,1
1488,1843,1
229,408,1
229,1974,5
230,255,2
255,39,1
230,1170,2
1170,255,1
230,1688,1
1170,1688,1
11,446,1
230,1537,4
39,1537,2
11,1537,1
446,1537,1
1537,54,12
136,39,1
136,1537,1
230,702,1
230,1210,1
232,614,3
232,1217,1
232,214,1
614,214,1
232,1812,2
233,305,1
233,22,1
234,1258,1
234,531,1
235,809,7
235,469,1
235,844,3
235,889,1
236,464,1
236,820,8
236,468,3
236,1771,1
236,594,2
820,594,2
236,1095,1
237,1510,13
237,1860,1
1510,1860,1
237,351,2
237,1109,16
1109,1510,2
238,244,3
239,1103,2
239,47,1
239,860,1
240,1160,2
240,894,2
241,1338,1
241,535,1
241,35,3
535,35,3
241,64,5
243,630,1
630,181,1
630,62,1
630,77,1
245,1130,2
247,84,1
248,66,1
248,57,2
251,594,1
251,1500,1
252,647,1
255,1055,2
255,1311,1
255,1210,3
255,1738,1
255,121,1
255,1651,1
121,1651,1
255,693,1
121,693,1
1651,693,1
256,73,2
257,772,5
257,418,2
258,321,1
258,646,3
258,1404,1
258,292,1
258,203,2
260,400,1
261,460,3
128,460,1
262,617,2
262,581,1
262,1213,1
581,1213,8
262,44,1
262,702,1
262,230,1
263,1665,2
569,1665,2
170,1665,1
1665,1386,1
569,569,1
264,1262,1
265,1054,1
265,408,2
265,541,1
265,1996,2
265,757,2
1996,757,2
265,1021,1
269,104,1
270,593,2
270,101,1
271,744,14
271,585,4
271,798,1
798,744,1
744,585,3
274,1547,1
274,180,6
275,966,5
275,1142,9
275,388,2
276,128,1
276,602,1
128,602,1
276,745,2
276,1015,1
745,1015,1
278,1172,2
278,1614,2
278,1277,1
278,405,1
278,1385,1
280,224,4
280,203,1
280,321,1
281,172,2
284,1620,1
284,518,5
284,814,2
284,1290,1
284,215,1
284,104,1
284,1496,1
284,1287,1
285,1392,1
285,797,3
286,439,1
287,1558,2
288,473,1
288,1878,1
288,471,1
289,1531,12
289,1967,1
290,11,1
290,291,1
11,291,1
292,1937,1
294,1917,2
295,1086,10
296,302,7
296,416,3
302,416,3
296,1417,1
296,1895,4
297,115,1
297,4,1
297,367,15
367,367,1
298,472,1
298,310,3
298,332,2
310,332,15
300,178,1
302,1895,6
302,751,3
751,296,4
751,1895,3
305,9,1
306,719,1
306,476,1
307,1799,2
309,783,2
311,544,4
313,1407,8
316,85,2
318,1785,1
319,525,2
319,6,2
321,1082,2
321,142,3
321,573,1
321,1781,2
322,418,1
324,646,1
325,602,3
325,1985,2
602,1985,2
325,175,1
326,1040,1
327,959,1
328,1847,2
328,1482,5
328,1497,6
330,98,1
331,6,3
331,31,2
6,31,2
331,118,3
118,418,1
331,1,1
331,910,1
331,38,1
331,1411,6
331,35,1
331,19,1
332,95,1
334,1072,6
335,181,1
335,342,1
335,286,1
338,96,2
341,1538,18
341,1658,3
1538,1658,5
341,1467,3
1538,1467,5
1658,1467,4
341,1927,10
342,593,1
344,9,1
345,1801,1
345,1018,1
347,84,1
347,35,1
347,230,1
94,230,1
349,1696,1
350,237,2
351,487,1
351,13,1
351,227,2
352,887,2
352,132,15
887,132,2
352,1167,1
352,94,1
352,334,1
352,901,1
354,597,3
355,205,1
356,1656,2
356,1511,2
836,1511,2
357,1551,2
358,525,2
358,1085,1
359,1876,2
359,130,4
360,1085,1
360,63,2
360,1159,1
362,832,1
366,1405,2
366,107,1
369,216,2
369,352,1
369,827,2
369,35,3
370,1928,8
370,403,1
370,1058,1
371,14,1
372,1121,2
372,728,1
373,118,1
375,87,1
377,1818,3
377,1606,2
377,369,2
377,265,1
377,1179,4
1179,35,1
377,1511,1
377,749,1
369,749,1
749,35,3
1606,1179,1
381,961,1
382,433,1
385,1172,3
385,21,1
385,860,1
388,966,7
390,46,1
393,892,1
393,1237,1
394,1652,1
395,325,1
396,791,3
397,716,1
397,236,1
397,35,1
399,1036,3
399,1287,1
1036,1287,1
399,1688,1
399,24,4
399,742,1
399,688,1
400,1498,1
403,1744,1
404,947,2
405,1259,1
408,557,6
408,850,3
408,211,2
850,211,1
408,1248,10
408,195,1
1248,195,1
408,1850,1
408,13,2
410,777,4
410,1653,6
777,1653,1
410,187,2
777,187,1
1653,187,2
410,1803,4
1653,1803,1
1803,777,1
411,157,6
411,856,1
412,870,1
412,41,1
414,84,2
414,1316,2
414,989,2
1316,989,1
989,43,4
414,242,1
414,85,1
416,685,16
416,35,5
685,35,3
416,1818,3
685,1818,3
416,71,1
418,1920,2
419,1264,1
419,1291,2
419,1530,1
1291,1530,1
419,269,1
420,435,1
420,1011,3
425,788,14
425,771,18
788,771,12
427,1044,2
427,17,1
427,55,1
430,1041,1
434,921,4
434,1612,4
435,1510,2
435,237,2
435,733,1
436,397,2
436,840,1
436,931,1
840,931,1
437,4,2
437,1797,1
439,695,1
439,1659,1
440,230,1
441,623,1
442,991,14
442,723,20
991,723,11
442,624,2
442,71,1
444,234,1
444,594,1
234,594,1
445,978,1
448,35,1
449,515,1
449,165,1
449,593,2
453,1600,1
455,1065,1
460,1952,1
460,891,2
1952,891,1
460,117,1
461,803,1
461,852,1
461,35,1
464,1407,1
464,1190,1
464,393,2
466,573,5
467,635,11
467,555,10
635,555,8
467,1264,2
469,889,1
469,844,1
469,549,2
470,512,1
470,24,1
512,24,13
470,708,1
470,706,1
470,1113,1
471,1488,2
472,1945,2
472,1636,2
1945,1636,9
472,479,1
472,95,1
473,104,1
477,1176,3
477,373,1
478,377,1
479,1050,1
480,486,7
480,1269,20
480,1051,17
480,1852,12
480,645,8
645,1269,4
1051,1269,1
480,1321,5
1852,1269,2
480,1382,6
1321,1382,63
480,482,1
483,725,1
483,1055,3
1055,13,5
484,1902,4
1902,177,1
484,501,1
484,17,1
484,601,1
486,1204,1
486,1852,3
490,1143,2
493,393,1
493,564,1
494,1476,1
497,671,1
497,1954,1
1954,133,1
498,1228,1
499,1736,1
504,577,11
504,629,6
577,629,9
505,13,1
505,66,1
507,837,3
508,1241,1
508,1450,1
509,3,1
513,43,2
513,84,2
84,9,1
515,1,3
516,818,1
516,1114,7
516,503,1
1114,503,1
518,601,2
601,284,1
520,94,2
521,724,2
522,622,1
524,201,11
524,418,1
525,230,1
525,209,1
525,693,6
525,541,1
530,1500,1
531,747,1
531,1812,4
531,1747,1
531,1647,1
531,232,1
532,1617,8
533,650,2
535,217,1
535,159,1
535,264,1
536,28,3
536,827,1
536,87,3
536,60,1
536,225,1
541,82,1
82,87,1
541,352,1
541,47,1
541,1797,1
542,884,1
544,1405,1
544,1313,1
1313,311,1
546,1405,1
549,2,1
224,2,1
549,176,1
224,176,1
2,176,1
550,824,1
551,691,4
551,1461,1
553,951,1
553,954,1
553,1235,1
954,1235,3
555,223,1
556,993,5
556,786,1
560,20,1
561,655,7
561,1524,6
655,1524,7
561,867,1
564,1488,1
568,393,1
568,1005,3
568,747,2
569,116,2
570,42,2
570,1085,1
570,51,1
1085,51,2
573,303,1
578,51,1
578,1119,1
578,180,3
580,354,1
580,1271,2
580,599,1
581,1920,2
581,354,2
585,795,2
586,31,1
589,98,1
590,641,70
590,876,5
876,641,6
595,1430,1
597,1831,2
598,80,1
80,9,1
601,225,1
601,84,2
601,2,1
602,159,1
602,414,1
159,414,1
602,829,1
325,829,1
602,71,1
325,71,1
602,536,1
602,28,3
602,1262,2
602,353,1
603,1840,7
603,1678,3
603,331,1
1678,331,1
1840,1678,3
604,253,1
607,1599,2
607,602,1
607,1444,3
607,1921,3
1444,1921,5
612,1190,1
612,330,1
613,618,10
615,625,1
618,1705,3
622,1961,1
622,886,2
622,250,2
886,250,2
624,1038,1
624,145,1
624,723,1
626,3,1
628,41,1
628,393,1
628,931,1
630,864,1
634,669,1
635,1264,1
636,900,1
636,1320,1
636,1422,2
636,971,4
645,416,11
645,1787,15
416,1787,3
645,618,6
645,1200,1
648,19,1
650,775,13
650,347,3
650,224,3
651,795,1
651,798,1
657,1952,1
659,95,1
661,1736,1
662,119,1
663,1624,2
663,700,7
700,1624,1
663,1295,1
664,516,1
664,1114,1
664,876,2
664,122,2
876,122,2
664,1637,1
665,24,1
667,748,10
667,1451,3
671,416,1
672,399,1
673,695,1
676,1242,17
687,4,1
688,290,2
689,702,1
691,299,1
691,562,2
691,792,9
692,1,10
692,1961,4
692,84,1
84,1,1
692,17,1
1,17,1
692,285,1
692,54,1
1,54,1
673,439,2
696,66,2
696,88,3
697,881,1
699,1302,1
701,1648,10
701,737,10
737,1648,6
701,123,3
702,909,1
702,336,1
704,692,1
706,1107,4
707,1293,1
710,1540,1
711,891,1
714,82,1
714,1178,1
716,171,1
716,1080,2
719,1728,1
719,476,1
721,1477,1
722,1986,3
723,1535,2
723,428,1
1535,428,1
723,829,1
723,215,1
829,215,1
724,297,3
724,351,6
724,227,1
724,1122,2
297,1122,1
724,1699,2
730,1907,1
732,148,1
733,127,1
736,122,1
736,35,1
736,850,1
742,145,1
742,269,1
145,269,1
743,1201,2
745,1170,1
745,1688,1
745,24,2
748,1451,2
749,963,4
750,1467,3
750,1658,4
751,17,1
756,395,2
758,825,3
758,957,1
825,957,17
758,1244,1
758,1885,1
1244,1885,4
761,84,1
761,829,1
761,284,1
761,814,1
761,602,1
787,602,1
761,1582,1
761,87,1
763,898,3
768,927,1
770,1488,8
770,44,1
770,48,1
778,1650,1
778,729,1
779,947,1
784,197,1
786,1468,1
786,993,1
786,12,2
789,42,1
789,72,1
790,1551,1
790,1274,1
790,219,2
791,455,1
792,562,1
795,798,1
797,242,9
797,682,1
797,1540,3
798,1817,1
798,36,1
798,585,6
800,1977,1
800,182,1
1977,182,1
803,1371,3
803,1508,1
803,868,5
461,868,2
803,31,1
803,2,1
805,80,1
805,261,1
805,241,1
241,483,1
241,128,1
809,889,5
821,19,1
823,140,1
823,87,1
824,905,82
824,624,2
624,905,2
825,1860,1
827,87,5
369,87,1
829,1535,1
829,18,3
832,994,3
834,280,1
834,1237,1
836,863,1
836,1656,1
836,775,2
838,1392,1
840,1204,2
841,1905,1
844,889,6
844,45,1
844,992,2
844,809,1
845,8,5
848,396,1
850,1538,1
851,563,2
854,395,1
855,157,1
855,411,1
856,306,4
856,157,1
861,42,1
862,959,1
863,35,1
866,897,1
867,923,6
868,1508,1
873,45,1
875,1173,9
876,920,3
876,1094,2
876,1475,2
884,444,2
886,25,3
886,973,1
128,973,1
886,261,1
886,176,1
888,1683,5
889,1996,3
891,539,1
891,316,1
539,316,1
891,1023,1
460,1023,1
892,1560,1
892,122,1
893,1110,6
893,1206,11
1110,1206,7
894,563,1
897,439,1
897,1074,1
899,1278,3
899,962,1
899,71,1
900,1765,1
900,675,1
900,211,2
900,1603,2
901,1052,1
903,810,1
904,1262,1
904,120,2
908,19,6
908,999,12
913,1902,1
914,147,5
914,30,2
918,1277,1
918,1018,2
921,1311,1
921,1204,1
924,262,1
925,1190,1
926,1231,1
926,1522,1
927,1160,6
927,525,2
1160,525,2
929,1756,1
935,1900,1
936,1946,1
942,1837,1
945,4,1
945,716,1
946,973,1
946,25,1
949,539,1
949,1008,1
950,276,1
955,1685,1
957,30,1
959,1055,3
959,1204,3
961,54,1
961,1203,1
961,645,1
961,1497,2
961,563,1
961,229,1
963,1611,1
967,11,1
967,1980,1
1,1980,1
967,91,1
971,862,1
972,1761,1
973,58,1
973,132,1
976,1591,5
979,1431,2
981,257,1
983,1749,2
989,1293,1
989,644,1
989,2,1
991,1191,4
995,1557,1
995,1954,1
998,1493,1
1001,627,1
1005,1247,1
1007,1563,4
1010,156,1
1013,565,1
1015,39,2
1018,385,1
1020,79,1
1022,84,2
1023,1908,2
1024,714,1
1025,234,1
1027,584,1
1027,15,1
1028,1347,1
1037,1130,2
1037,245,5
1041,1008,4
1041,814,2
814,1008,2
1041,106,1
1041,130,1
430,130,1
1046,1078,1
1046,1905,1
1078,1905,2
1047,1995,2
1047,1640,2
1050,165,3
1053,31,1
1053,47,9
1053,121,6
1055,1231,1
1055,1311,2
1056,413,1
1056,1242,1
1056,536,2
1058,1046,1
1059,131,1
1061,636,1
1062,483,1
1066,1354,5
1068,876,1
1069,1711,2
1070,1178,4
1074,1705,2
1076,818,1
1076,550,1
1076,626,1
1076,1937,1
1078,1873,4
1080,173,1
1081,1183,1
1082,159,1
1085,1500,2
1085,1140,1
1085,898,1
1085,1323,1
1085,294,2
1087,19,3
1089,-1,1
1091,1133,11
1092,1036,1
1092,385,1
1096,754,1
1096,1123,3
1099,1576,1
1105,233,4
1105,1085,2
1105,1537,1
219,706,1
1108,1851,1
1110,1325,1
1116,1987,7
1116,1141,3
1116,1197,3
1197,1141,4
1117,767,1
1119,976,3
1120,1114,2
1120,516,1
1122,1699,1
1122,870,2
1123,1488,1
1125,1335,2
1125,1127,2
1126,716,1
1132,1671,1
1138,300,1
1138,176,1
1138,1006,1
1138,250,1
1138,1844,1
1140,1258,4
1140,1500,3
1140,39,1
1140,429,3
1140,1290,1
1140,248,1
1142,966,1
1142,388,1
1143,11,1
1143,757,1
1150,548,1
1151,128,1
1156,1814,1
1160,894,1
1165,30,1
1165,342,1
1165,1856,1
1170,1078,3
1170,39,1
1171,19,1
1171,414,2
1171,787,1
1171,1293,1
1171,518,1
1171,601,1
1172,439,1
385,54,3
1173,1858,1
1175,118,1
1175,1200,1
1179,152,1
1183,19,1
1183,215,2
135,2,5
1185,1620,1
1185,1183,1
1186,641,1
1190,1295,1
1191,723,1
1191,1488,2
1191,297,1
1191,554,1
297,554,1
1191,159,1
1192,1258,15
1193,650,1
1194,1782,5
1197,195,1
1198,1240,2
1199,369,2
1199,4,2
1199,1620,1
1620,369,1
1200,889,3
1201,197,1
1201,1635,2
1203,108,6
1203,1584,1
1203,80,1
1204,1497,4
1204,1365,2
1204,1988,2
1204,1311,1
1204,1055,1
1207,1840,1
1209,152,1
1210,1085,1
1210,209,3
1212,25,2
1217,4,1
1217,563,1
1219,201,1
1231,327,1
1231,691,1
1231,792,1
1235,1696,5
1236,1253,19
1247,470,2
1247,47,2
470,47,1
1247,1771,2
1248,750,1
1254,27,2
1255,563,1
1255,764,2
1256,618,1
1256,8,1
618,8,1
1258,30,1
1259,16,3
1262,44,1
1262,1284,1
1262,20,2
20,904,1
1267,1774,2
1274,31,2
1274,1441,1
1276,1925,3
1277,844,1
1277,252,3
1277,19,3
1284,264,1
1286,1896,1
1287,51,3
1287,287,1
287,51,1
1288,42,1
1290,1785,1
1290,1287,1
1290,1816,1
1293,227,1
1293,924,1
1295,1647,2
1297,434,2
1297,921,2
1303,248,1
1304,207,3
1307,31,1
1312,4,3
1316,284,1
43,284,1
414,284,1
1321,486,2
1321,1415,6
1382,1415,1
1321,957,1
957,1382,1
1332,82,1
1338,786,1
1338,352,1
241,352,1
1343,1448,10
1344,17,3
1352,1805,2
1352,1475,1
1356,322,1
1356,104,1
1357,1526,1
1362,1151,2
1362,1417,5
128,1417,1
1151,1417,1
1362,1256,2
128,1256,1
1151,1256,1
1417,1256,2
483,1151,1
1365,921,1
1370,875,1
1370,1544,1
1371,1817,2
1380,395,1
1381,1907,1
1381,1579,1
1383,1925,1
1383,1276,1
1391,433,2
1391,123,1
1392,1581,1
1581,838,2
1393,1450,11
1396,80,2
1400,1638,3
1405,165,4
1405,1,3
1405,88,1
88,165,1
1405,291,2
1411,33,1
1411,1860,2
33,1860,1
1416,135,1
1421,800,2
1421,1488,1
1430,898,2
1436,353,1
1447,145,1
1452,532,1
1452,563,1
1463,2,3
1473,1692,14
1476,664,1
1476,1718,1
1476,88,1
1481,129,1
1481,1920,2
1482,1497,1
1488,1787,1
1488,645,2
1490,35,1
1493,627,1
1496,634,1
1497,1553,1
1497,430,2
1498,1996,3
1499,199,1
1500,1563,1
1504,1709,2
1508,1080,2
1508,478,1
1511,1524,1
1513,1616,3
1514,57,1
1515,1888,2
1520,1463,1
1523,1969,1
1529,614,1
1530,619,2
1534,479,1
1534,352,1
1537,115,1
1537,745,4
745,230,1
1537,66,1
54,66,1
1538,1585,3
1538,1855,2
1585,1855,2
1539,1182,3
1540,61,3
1540,1861,1
1540,747,1
1540,1352,2
1541,1036,2
1542,17,1
1550,1421,1
1554,226,1
1559,674,2
1563,706,5
1565,297,4
1568,64,1
1569,1643,2
1570,553,1
1570,211,2
553,211,1
1570,1793,1
1575,341,1
1580,1666,6
1584,108,1
1585,1615,3
1589,213,1
1598,326,1
1599,309,1
1603,957,6
1605,563,1
1606,1131,1
1607,328,3
1611,1183,1
1612,620,1
1613,682,1
1613,1808,1
1628,800,1
1628,476,1
1639,469,1
1639,235,1
1645,132,1
1648,795,2
1656,4,1
1657,165,1
1658,1248,1
1659,215,1
1663,3,1
1663,921,1
1664,342,1
1674,716,1
1678,1907,2
1686,50,1
1686,1199,1
1688,54,3
1688,84,2
1691,1424,1
1697,1947,2
1701,264,1
1704,730,2
1708,176,1
1711,1905,1
1711,1078,1
1713,74,1
1721,1286,1
1721,1896,1
1724,179,2
1730,1293,1
1730,43,3
1733,530,1
1734,1772,15
1734,716,1
1738,1055,1
1752,1349,3
1763,1630,2
1767,1923,8
1767,54,3
1770,1502,1
1771,531,1
1771,1181,2
1785,1430,1
1785,898,1
1785,1,1
1785,967,1
1785,253,2
1786,1673,1
1786,43,1
1792,1358,1
1358,99,1
1793,261,1
1796,211,1
1799,1884,1
1801,24,6
1801,512,1
1801,47,1
1817,651,1
1818,4,1
1818,132,1
1818,1606,1
1820,1476,1
1822,1324,2
1822,1516,2
1822,1944,1
1828,1951,3
1830,1385,1
1830,594,1
1835,285,1
1837,1888,3
1844,176,2
1845,1900,1
1850,1259,1
1850,88,1
1259,88,1
1850,9,1
1855,409,1
1855,1874,1
1863,1488,12
1867,818,6
1881,19,1
1891,71,1
1896,1392,1
1900,1786,1
1900,57,1
1901,1889,1
1906,1074,1
1907,1579,1
1914,617,1
1914,290,2
1916,1788,1
1940,505,1
1952,1412,1
1412,657,1
1957,1568,1
1961,66,1
1961,563,5
1962,710,2
1962,397,1
1972,548,2
1977,724,1
1977,395,2
1978,548,2
1982,532,1
1982,1452,1
1983,1669,1
1984,140,2
1985,706,2
1988,118,2
1988,1913,2
1994,1078,2
1996,54,3
